startElements, time
4,0.000161461,
5,0.000387614,
6,0.000906582,
7,0.00172225,
8,0.00366509,
9,0.00613776,
10,0.0113941,
11,0.0231163,
12,0.0384261,
13,0.0612079,
14,0.120868,
15,0.18552,
