startElements, time
4,0.000130098
5,0.00029416
6,0.000694777
7,0.00134212
8,0.00310724
9,0.00492832
10,0.00987779
11,0.0183157
12,0.0299822
13,0.0476376
14,0.0931505
15,0.14273
