startElements, time
4,7.24987e-06,
5,3.45378e-05,
6,0.000244143,
7,0.00187259,
8,0.0161674,
9,0.154416,
