startElements, time
4,5.93837e-06
5,3.01148e-05
6,0.000193863
7,0.00158919
8,0.0139798
9,0.127655
