startElements, time
4,5.90233e-06,
5,7.69787e-06,
6,1.45827e-05,
7,3.97046e-05,
8,0.000100025,
9,0.000213208,
10,0.000524732,
11,0.0012722,
12,0.0034672,
13,0.00814302,
14,0.0184096,
15,0.0450775,
