startElements, time
4,4.45117e-06
5,7.46817e-06
6,1.43286e-05
7,3.42172e-05
8,7.75665e-05
9,0.000204486
10,0.000482864
11,0.00110664
12,0.0028531
13,0.0063036
14,0.0144317
15,0.0321039
16,0.0745741
17,0.177495